CÜMLELER;ÇEŞİDİ
Siyah insanlar daha az zekidir.;Irkçılık
İnsanlar arasındaki ırk ayrımını desteklemek ırkçılıktır.;Irkçılık
Beyazlar daha üstün bir ırktır.;Irkçılık
İş yerinde farklı ırktan biri çalıştığında, performans düşer.;Irkçılık
Neden farklı ırklar aynı okula gidiyor? Birbirlerini kirletirler.;Irkçılık
İranlılar teröristtir.;Irkçılık
Bütün Meksikalılar mültecilerdir ve suç işlerler.;Irkçılık
Çocukları aynı okula gitmemeli, diğer ırktan öğrencilerden etkilenirler.;Irkçılık
Asyalılar matematik konusunda daha iyidir.;Irkçılık
Müslümanlar terör eylemlerini destekler.;Irkçılık
İnsanlar arasındaki renk farklılıkları, zengin bir kültür mozaiği oluşturur.;Irkçılık
Herkesin sahip olduğu yetenekler ve beceriler, etnik kökeninden bağımsız olarak değerlidir.;Irkçılık
Ağaçtan maşa, Kürt’ten paşa olmaz;Irkçılık
Ayıdan post, Kürt’ten dost olmaz;Irkçılık
 Gördün mü bir Kürt, iki sok bir dürt;Irkçılık
Siyahilerin hayatları önemlidir akımından nefret ediyorum.;Irkçılık
Karalara ölüm.;Irkçılık
Asyalılar önlerini nasıl görüyorlar.;Irkçılık
Maymun suratlı Floyd Mayweather'ın maçı var bu gece.;Irkçılık
Bu aptal zenciler ne zaman pamuk tarlalarına geri dönecekler.;Irkçılık
Köpek yiyen pis çekikler.;Irkçılık
Ancak aptal bir siyahi kadın iki kez tecavüze uğrar.;Irkçılık
Siyah insanlar niye okuma yazma bilmiyorlar ki ?;Irkçılık
Çinli virüslerinden bıktık be.;Irkçılık
Gördüğüm en beyaz danstı.;Irkçılık
Varoş semtlerde kapüşonlu maymunlar her yerde.;Irkçılık
Keşke polisler şu negroların ensesine basmaya devam etse.;Irkçılık
Suriyeli şerefsizler arabamın tekerini kesmiş.;Irkçılık
Yahudiler kadar cimri bir ırk görmedim.;Irkçılık
Ne zaman bir arap görsem her an ALLAHU AKBAR!! diyip patlayacak diye korkuyorum.;Irkçılık
Tüm ingilizler bir diş doktoruna görünmeli bence.;Irkçılık
Filistinli teröristlerin kafasını eziceksin.;Irkçılık
Pakistanlılar çocukları canlı bomba olarak yetiştiriyorlar.;Irkçılık
Fransızlar balık gibi kokuyor.;Irkçılık
Asyalılara bir de akıllı diyorlar hadi ordan onlar köpek yemeye devam etsin.;Irkçılık
Köle ticareti geri gelsin böylelikle bu siyah farelerden kurtuluruz.;Irkçılık
Beyaz adamlar kendini ne sanıyor böyle.;Irkçılık
Japon kadınlar beyaz erkeğin her dediğini yapar diye duydum.;Irkçılık
Tüm varoş zencileri hapishaneye tıkın.;Irkçılık
Keşke tüm nazi kılıklı almanlar kendilerini vursa;Irkçılık
Hindistanlı bir arkadaşım var ve çok kötü kokuyor.;Irkçılık
Yahudi komşumla tanışınca Hitler'in haklı olduğunu anladım.;Irkçılık
Araplara  H A Y I R!!!;Irkçılık
Meksikalılar anca tuvalet temizlemekten anlar.;Irkçılık
Siyahilerin haklarım dediği şeyi bile beyaz adam verdi.;Irkçılık
Ed Sheeran gibi kızıl erkekler neden bu kadar ezik duruyor.;Irkçılık
Vietnamlı şerefsizlerin hepsini yakmak lazımdı.;Irkçılık
İtalyanlar ve o aptal mimikleri.;Irkçılık
"Klasik bir siyahi geleneği "" Karpuz ve Kfc"".";Irkçılık
Meksikalı göçmenler bu ülkenin geleceğini tehlikeye atıyor.;Irkçılık
Yine afgan yine bir tecavüz.;Irkçılık
Bu maymunların kökünü kazıyacaksın.;Irkçılık
Corona hep bu yarasa yiyen sarı pislikler yüzünden ortaya çıktı.;Irkçılık
Bu beyazlar yemeklerine baharat atmaktan neden bu kadar korkuyor haha.;Irkçılık
Lazların inadından bıktım.;Irkçılık
Zavallı maymunlar içecek su bile bulamıyorlar.;Irkçılık
KKK geri gelsin.;Irkçılık
Rus turistler toplumun ahlakını bozuyor.;Irkçılık
Maske takacağıma bir asyalının kafasını koparırım.;Irkçılık
Köle sahibi olmak seni ırkçı yapmaz.;Irkçılık
NEEEEGGGGGROOOOO işte sonunda söyledim.;Irkçılık
Tamam beyaz oğlan hadi işine.;Irkçılık
Tabi ki de hırsız siyahiydi.;Irkçılık
Zavallı çocuklar neredeyse beyazlar kadar yetenekliler.;Irkçılık
Kızılderililer gibi nara atmayı kes.;Irkçılık
Siyahi kadınlarla kim çıkar ki çok çirkinler.;Irkçılık
Beyazların hepsi ırkçıdır.;Irkçılık
Siyahların kültürü esrar ve kızarmış tavuktan ibaret.;Irkçılık
Güzel bir Cuma günü zencileri vuruyor ve keyfime bakıyorum.;Irkçılık
Afganından da suriyelilesinden de bıktık.;Irkçılık
Türkler çok barbarlar.;Irkçılık
Irkçı biri gibi gözükmek istemem ama bu siyah NBA oyuncuları niye bu kadar salak.;Irkçılık
Yılbaşında tek bir dileğim var o da tüm bu siyahilerin hayatı değerlidir saçmalığının bitmesi.;Irkçılık
Kayserililer hep üçkağıtçı oluyorlar.;Irkçılık
İsrailli her kim varsa onların hepsini lanetliyorum.;Irkçılık
Korelilerin o aptal Kpop gruplarından nefret ediyorum.;Irkçılık
Baban nerde seni aptal zenci ?;Irkçılık
Beyazlar rap yapmasın.;Irkçılık
Müslümanları uçağa almamak lazım bir 9/11 daha yaşanmasını istemiyorum.;Irkçılık
Hristiyanlar aynı yedikleri domuz gibi gözüküyorlar.;Irkçılık
Orta doğu denince aklıma İşid geliyor.;Irkçılık
Avrupalı gevurlar bu ülkenin milli değerlerini hiçe sayıyorlar.;Irkçılık
Yunan tohumu şerefsiz.;Irkçılık
Meksika duvarına mayın döşemek lazım sırf bu tuvalet temizlikçileri ülkemize girmesin diye.;Irkçılık
Bir asyalıyla afrikalının tek farkı ten rengi ikisi de bu ülkeyi mahvediyor.;Irkçılık
Japonlara attığımız gibi çinlilere de bir atom bombası atsaydık coronayla uğraşmak zorunda kalmazdık.;Irkçılık
Uyduruk çin malı.;Irkçılık
Tüm beyazlar ırkçı ve tecavüzcüdür.;Irkçılık
Bu suriyelilerin ağzını burnunu kırmak lazım.;Irkçılık
İngilizlerin kültürü yok.;Irkçılık
Ruslar kadar itici ve soğuk bir millet yok.;Irkçılık
Çingeneden adam olmaz.;Irkçılık
Fransızlar biz öğretene kadar tuvaletin ne olduğunu bilmiyordu.;Irkçılık
Türkler Almanya'yı 3. dünya ülkesine çevirdi.;Irkçılık
Müslüman bir ülkede kiliselerin kapanması lazım.;Irkçılık
Bu negrolar kafadan kırık oluyor.;Irkçılık
Siyahi bir kadının hamile olduğunu tamponundaki pamuğa bakarak anlayabilirsin.;Irkçılık
Meksikanın olimpik bir takımı yok çünkü hepsi koşup, atlayıp ve yüzüp ülkemize giriyorlar.;Irkçılık
Kürtler'in hepsi terörist.;Irkçılık
Adanalılar anca güneşe sıksınlar.;Irkçılık
Ege şivesi kadar salakça bir şive yok.;Irkçılık
Ermenilerin ve yunanların hepsini kurşuna dizmek lazım.;Irkçılık
Eskişehirlilerin hepsi ayyaş.;Irkçılık
Vanlılar çok kıro oluyor.;Irkçılık
Ankaralılar çok kaba oluyor.;Irkçılık
Bu hamsi kafalar bu sene şampiyon olamayacaklar.;Irkçılık
Arapları bu ülkede istemiyoruz.;Irkçılık
Batının kültürü yok yiğenim onlar anca domuz yesinler.;Irkçılık
Keşke Konya yok olsa da kurtulsak bu tiplerden.;Irkçılık
Pirinç tarlalarında çalışan sarı suratlı canavarlar getirdi bu hastalıkları.;Irkçılık
Açlık Oyunları filmini afrikada çeksinler.;Irkçılık
Zenciler sadece saat satmasını bilir.;Irkçılık
Bu siyahi hayatları önemlidir akımını destekleyen serserileri afrikaya sürmek lazım.;Irkçılık
Beyazlar dans etmeyi asla öğrenemeyecekler.;Irkçılık
Tüm niggaları pamuk tarlasına atın.;Irkçılık
Mc Dondals hep n1ggalarla dolu.;Irkçılık
 Ku Klux Klan gelse de şu niggerları öldürse;Irkçılık
Nigg3rlar hırsızlıkta ve yağmada bir numara.;Irkçılık
Irak ve İran diyince aklıma hep canlı bombalar geliyor.;Irkçılık
Nazileri seviyorum.;Irkçılık
Yabancı sevme hastalığı gittikçe artıyor.;Irkçılık
Siyahiler ilkel.;Irkçılık
Melezlerden iğreniyorum.;Irkçılık
Yahudileri toplama kampına atıp sabun yapmak lazım.;Irkçılık
Ziyonistler dünyayı tehlikeye atıyor.;Irkçılık
Hindistanlıysa kesin dolandırıcıdır.;Irkçılık
Doğulular çok küfürbaz oluyorlar.;Irkçılık
Karadenizlilerin burnu kadar çirkin bir şey yok.;Irkçılık
Çan çin çon.;Irkçılık
Kıbrıslılar sadece kumardan anlar.;Irkçılık
Dinsiz İzmir.;Irkçılık
Kütahyalılar yalancı olurlar.;Irkçılık
Çingene çalar kürt oynar.;Irkçılık
Esmerleri hiç sevmem.;Irkçılık
Zenciler asla yüzemez.;Irkçılık
Katil Amerika.;Irkçılık
Jackie Chan kılıklı sarı soytarı.;Irkçılık
İspanyollar bilimden anlamaz varsa yoksa futbol.;Irkçılık
İtalyanların kafası çalışmaz.;Irkçılık
Melezler Amerika'nın sonunu getirecek.;Irkçılık
Pakistan yemeklerinin kokusuna dayanamıyorum.;Irkçılık
Türkler kültürsüz ve gaddardır.;Irkçılık
Latinoların genel geçim kaynağı kaçakçılık ve uyuşturucu.;Irkçılık
Polonyalılar bu ülkenin başına gelmiş en kötü şey.;Irkçılık
Araplar namuslarını bile satarlar.;Irkçılık
Buğday tenliysen ya teröristsin ya da gaspçı.;Irkçılık
Urfalılar isotçudur.;Irkçılık
Moğolların tarihi çalmak ve yağmalamaktan ibarettir.;Irkçılık
Beyazlar basketbol oynamayı bıraksın.;Irkçılık
Köle Obama'nın beyaz sarayda ne işi var.;Irkçılık
Goril tipli zenci.;Irkçılık
Hispanikler ve siyahiler bü ülkenin suç makineleri.;Irkçılık
Siyahileri seviyorum keşke bir tanesine sahip olsam.;Irkçılık
Asyalı kadınlar paraya tapar.;Irkçılık
Tüm siyah çocukları kürtajla aldırmak lazım.;Irkçılık
İnsanları ten rengine göre yargılamalıyız.;Irkçılık
Fare kılıklı çingeneler.;Irkçılık
Beyazdan boksör mü olurmuş haha hiç güleceğim yoktu.;Irkçılık
İsraillilerin hepsi çocuk katili.;Irkçılık
Beyaz kadınlar koca bir şaka.;Irkçılık
Araplar pistir.;Irkçılık
Azeriler soykırımcıdır.;Irkçılık
Alabamadaki tüm beyazlar ensest ilişkiyle doğmuştur.;Irkçılık
İyi ki siyah olarak doğmamışım.;Irkçılık
Kölelik keşke geri gelse.;Irkçılık
Aşağılık bir milletsiniz ;Irkçılık
Soysuz bir ülkesiniz;Irkçılık
Dünyadaki en pislik Millet sizsiniz ;Irkçılık
İnsanlarınız leş gibi kokuyor ;Irkçılık
Hepiniz maymuna benziyorsunuz ;Irkçılık
geri kafalı bir milletiniz ;Irkçılık
kömür gibi kapkarasın ;Irkçılık
dünyaya köle olmak için geldiniz ;Irkçılık
hizmet etmekten başka işe yaramazsınız;Irkçılık
Böcek yiyen pislikleriniz;Irkçılık
çölde yaşayan yobazlar;Irkçılık
kanınız beş para etmez;Irkçılık
satılmış insanlar sizi ;Irkçılık
soyunuzun nerden geldiği belli değil ;Irkçılık
İneğe tapan aptallar;Irkçılık
Koyun sürüsü gibi halkınız;Irkçılık
Ufak tefek çelimsiz Çekik gözlü varlıklar sizi;Irkçılık
Seni gidi kürt ;Irkçılık
Kürtler çok pis kokar.;Irkçılık
Aleviler oruç tutmayan kafirlerdir.;Irkçılık
Alevi olduğun için dövme yaptırırsın tabi ;Irkçılık
Lazların kafa 12 den sonra duruyor.;Irkçılık
ermenilerin hepsini asmak lazım;Irkçılık
kayserililer dolandırıcı olur.;Irkçılık
kahrolası pis türkler ülkemize girip istemediğimiz partilere oy veriyorlar.;Irkçılık
zencilere: köle lan bu, basbaya köle.;Irkçılık
malatyalılar çok cimri olur;Irkçılık
rizeliler çok boş boş konuşur.;Irkçılık
aleviler namaz kılmayan kafirlerdir;Irkçılık
karadenizlilerin kafası hiçbir şeye basmıyor.;Irkçılık
kürtler okumamış cahildirler.;Irkçılık
erzincanlı kimseye güven olmaz;Irkçılık
vanlılar çok terbiyesiz insanlardır.;Irkçılık
zenciler zeka seviyesi çok düşüktür.;Irkçılık
Erkek adam ağlamaz.;Cinsiyetçilik
Kızlar böyle sesli gülmez;Cinsiyetçilik
Kızlar kahkaha atmaz.;Cinsiyetçilik
Sen nasıl erkeksin?;Cinsiyetçilik
Bunu kızlar bile yapar;Cinsiyetçilik
Erkek adam hiçbir şeyden korkmaz.;Cinsiyetçilik
Sen kız mısın ağlıyorsun.;Cinsiyetçilik
Şuna bak erkek gibi maşallah.;Cinsiyetçilik
Bir kadının en güzel kariyeri annelliktir.;Cinsiyetçilik
Kadın dediğin susmasını bilir.;Cinsiyetçilik
Kadın başına oraya gidemezsin.;Cinsiyetçilik
Kızlar o işi yapamaz.;Cinsiyetçilik
Erkek dediğin ev işi yapmaz.;Cinsiyetçilik
Kadın çocuğuna bakar.;Cinsiyetçilik
Erkek kadından üstündür.;Cinsiyetçilik
Kadın erkekden üstündür.;Cinsiyetçilik
Kızlar öyle giyinemez.;Cinsiyetçilik
Kadınlar kocasına karşı susmalıdır.;Cinsiyetçilik
Kadın başına;Cinsiyetçilik
Bilim adamı ;Cinsiyetçilik
Kızını dövmeyen dizini döver.;Cinsiyetçilik
Erkek dediğin askerde adam olur.;Cinsiyetçilik
Erkek dediğin böyle mi oturur.;Cinsiyetçilik
Kılıbık herif;Cinsiyetçilik
Kalıbının adamı ol.;Cinsiyetçilik
Kadın dediğin usturuplu olur.;Cinsiyetçilik
Kadın dediğin elinin kiri;Cinsiyetçilik
Kadının yeri erkeğinin yanıdır;Cinsiyetçilik
Sakalım yok ki lafım geçsin;Cinsiyetçilik
Kızlar bunu yapmaz, ayıp.;Cinsiyetçilik
Yakışıyor mu senin gibi cici bir kıza?;Cinsiyetçilik
Sen nasıl erkeksin? Bunu kızlar bile yapar!;Cinsiyetçilik
Kadın dediğin küfür etmez.;Cinsiyetçilik
Kadınlar çok duygusal oluyorlar bu yüzden doğru kararlar veremiyorlar.;Cinsiyetçilik
Kadının maaşı erkekten fazla olmaz.;Cinsiyetçilik
Anasına bak kızını al.;Cinsiyetçilik
Hanım evladı;Cinsiyetçilik
Kız rengi.;Cinsiyetçilik
Kızı kendi gönlüne bırakırsan ya davulcuya ya zurnacıya.;Cinsiyetçilik
Kızın mı var, derdin var.;Cinsiyetçilik
Saçı uzun aklı kısa;Cinsiyetçilik
Yuvayı dişi kuş yapar.;Cinsiyetçilik
Erkeklik bende kalsın.;Cinsiyetçilik
Kadınlar teknoloji konularında yetenekli değillerdir.;Cinsiyetçilik
Erkek Zekası;Cinsiyetçilik
Kadın Gibi Erkek;Cinsiyetçilik
Erkek Gibi Kadın;Cinsiyetçilik
Erkekleri Anlamak Zordur;Cinsiyetçilik
Kadınları Anlamak Zordur;Cinsiyetçilik
Kadın sürücüler daima yavaştır.;Cinsiyetçilik
Erkeklerin mizah anlayışı daha iyidir.;Cinsiyetçilik
Kadınlar her zaman moda ile ilgilenir.;Cinsiyetçilik
Kadınlar aşçı olmalıdır çünkü mutfakları iyi yönetirler.;Cinsiyetçilik
Erkekler matematikte daha iyidir.;Cinsiyetçilik
Kadınlar lider olamaz, duygusal kararlar alırlar.;Cinsiyetçilik
Erkek çocuklar mavi giyer, kız çocuklar pembe giyer.;Cinsiyetçilik
Kadınların arabalar hakkında pek bir bilgisi yoktur.;Cinsiyetçilik
Kadınlar sadece güzellikleriyle ilgilenir.;Cinsiyetçilik
Erkekler spor konularında daha bilgili olmalıdır.;Cinsiyetçilik
Erkeklerin işte daha fazla başarı şansı vardır.;Cinsiyetçilik
Erkekler daha mantıklı düşünür.;Cinsiyetçilik
Erkekler duygusal konulara ilgi göstermez.;Cinsiyetçilik
Erkekler daha iyidir, onlar lider doğarlar.;Cinsiyetçilik
Kadınlar para yönetiminde beceriksizdir.;Cinsiyetçilik
Erkekler çocukları büyütme konusunda beceriksizdir.;Cinsiyetçilik
Kadınlar da kışkırtıcı giyinirse şiddeti hak eder.;Cinsiyetçilik
Erkekler duygusal değil.;Cinsiyetçilik
Kadınlar kocalarına itaat etmelidir, aksi halde dayak yerler.;Cinsiyetçilik
Erkeklerin duygusal zayıflıkları sömürülmeye açıktır.;Cinsiyetçilik
Kadınlar erkeklere saygı göstermezse şiddeti hak eder.;Cinsiyetçilik
Erkeklerin hakaretlere karşı daha dayanıklı olmaları gerekir.;Cinsiyetçilik
Kadınlar ev dışında çalışırlarsa aile içinde şiddeti hak ederler.;Cinsiyetçilik
Erkeklerin kendilerini savunma hakkı vardır, kadınlar da bunu bilmelidir.;Cinsiyetçilik
Kadınlar aile içindeki sorunları çözemedikleri için şiddet görüyorlar.;Cinsiyetçilik
Erkekler kadınlardan daha güçlüdür, bu nedenle kontrol sağlamalıdırlar.;Cinsiyetçilik
Kadınlar hissettiklerini açıkça ifade etmeli, erkekler ise duygularını gizlemelidir.;Cinsiyetçilik
Erkeklerin kararlarına itiraz edilmez, kadınlar ise onları desteklemelidir.;Cinsiyetçilik
Kadınlar iş yerinde liderlik rolü üstlenirse, onları zorluklar bekler.;Cinsiyetçilik
Kadınların temel amacı evlenip çocuk sahibi olmaktır.;Cinsiyetçilik
Erkekler ve kadınlar aynı sorumlulukları taşıyamaz.;Cinsiyetçilik
Erkekler daha güçlüdür, bu nedenle zorlu işleri onlar yapmalıdır.;Cinsiyetçilik
Kadınların düşünme kapasitesi erkeklere göre daha düşüktür.;Cinsiyetçilik
Erkekler daha az yardıma ihtiyaç duyar, kadınlar ise sürekli destek arar.;Cinsiyetçilik
Kadın erkekden daha az maaş alır.;Cinsiyetçilik
Kadınlar sürekli alışveriş yapar.;Cinsiyetçilik
Kadınlar gece dışarı çıkamaz.;Cinsiyetçilik
Karı gibi konuşma düzgün konuş.;Cinsiyetçilik
Erkekler karar alır, kadınlar ise destekler.;Cinsiyetçilik
İş adamı;Cinsiyetçilik
Kadın sürücü;Cinsiyetçilik
Erkeklik öldü mü ?;Cinsiyetçilik
Kadın hakem bu maçı yönetemedi.;Cinsiyetçilik
Hesabı daima erkek ödemelidir.;Cinsiyetçilik
Sen kadınsın ne anlarsın futboldan.;Cinsiyetçilik
Defansta adam adama oyun oynayalım.;Cinsiyetçilik
Evlilik teklifini erkek yapar.;Cinsiyetçilik
Dişi köpek kuyruk sallamazsa erkek köpek yaklaşmaz.;Cinsiyetçilik
Hanım hanımcık ol;Cinsiyetçilik
Erkekler kadınlar kadar empatik değildir.;Cinsiyetçilik
Tamirci dediğin erkek olur.;Cinsiyetçilik
Kuaför işini kadınlar daha iyi yapar.;Cinsiyetçilik
Kadınlar çok güzel yemek yapar.;Cinsiyetçilik
Kadınlar hayata daha perspektif bakar.;Cinsiyetçilik
Kadınlar güzellikleriyle değerlendirilir, yetenekleri ikinci planda kalır.;Cinsiyetçilik
Nakliyecilik yapan kişiler kadın olamaz.;Cinsiyetçilik
Kadınlar yönetici olamaz.;Cinsiyetçilik
Bu hayatta erkek olmadan kadın hayatta kalamaz.;Cinsiyetçilik
Evde babanın sözü geçer.;Cinsiyetçilik
Erkekden bakıcı olmaz.;Cinsiyetçilik
Kadın erkek eşit değildir.;Cinsiyetçilik
Kadınlar uçak kullanamaz.;Cinsiyetçilik
Sanayide kadın usta çalışamaz.;Cinsiyetçilik
Erkek adam sevgisini belli etmez.;Cinsiyetçilik
Kızlar her işi yapamaz.;Cinsiyetçilik
Bu hamuru erkekler pişiremez.;Cinsiyetçilik
Futbolu kadınlar erkekler kadar iyi oynayamaz.;Cinsiyetçilik
Kadınlar güreşde başarısızdırlar.;Cinsiyetçilik
Kadınlar güçsüzdür.;Cinsiyetçilik
Erkekler evde karı gibi oturamazlar.;Cinsiyetçilik
Futbol hakemleri kadın olursa sorun yaşarız.;Cinsiyetçilik
Mahalle muhtarı leyla abla bu mevkide başarılı olamayacak;Cinsiyetçilik
Belediye başkanı dediğin erkek olur.;Cinsiyetçilik
Adam gibi kimse kalmadı bu hayatta.;Cinsiyetçilik
Kadın dediğin trip atar.;Cinsiyetçilik
Kadınlar stand-up yapamaz.;Cinsiyetçilik
kadın komedyen olmaz.;Cinsiyetçilik
kadınlar ofsaytı bile bilmezler.;Cinsiyetçilik
erkek adam küpe takmaz.;Cinsiyetçilik
kızlar bilgisayar oyunlarından anlamaz.;Cinsiyetçilik
kadınlar güldür.;Cinsiyetçilik
Erkek adam pembe kıyafet giymez.;Cinsiyetçilik
Erkek adam kız gibi yürümez.;Cinsiyetçilik
erkek adam dedikodu yapmaz.;Cinsiyetçilik
kızlar sigara içmez.;Cinsiyetçilik
kadınlar horlamaz.;Cinsiyetçilik
Kadın dediğin ince belli olur.;Cinsiyetçilik
erkek adam dediğin kaslı olur.;Cinsiyetçilik
erkek adam dediğin iş sahibi olur.;Cinsiyetçilik
ilk adımı erkek atar.;Cinsiyetçilik
erkek adam dediğin oturmasını kalkmasını bilmeli.;Cinsiyetçilik
kadının beyanı esastır.;Cinsiyetçilik
kadınlar alkol içemez.;Cinsiyetçilik
kadınlar rap müzik yapamaz.;Cinsiyetçilik
dünyayı erkekler yönetir.;Cinsiyetçilik
kadın siyasetçi olmaz.;Cinsiyetçilik
kadınlar araba süremez.;Cinsiyetçilik
erkekler yemek yapamaz.;Cinsiyetçilik
kadınlar silah tutamaz.;Cinsiyetçilik
kadınlar kavga edemez.;Cinsiyetçilik
kadın dediğin evde oturur.;Cinsiyetçilik
kadınlar ayrı eve çıkamaz.;Cinsiyetçilik
kadın dediğin çocuk büyütür.;Cinsiyetçilik
kadınlar küfür etmez.;Cinsiyetçilik
kadın yazılımcı olmaz.;Cinsiyetçilik
kadın müteahhit olmaz.;Cinsiyetçilik
kadının yaptıgı ev yıkılır.;Cinsiyetçilik
kadın güvenlik olmaz.;Cinsiyetçilik
kadın dediğin yediğine içtiğine dikkat eder.;Cinsiyetçilik
kadınlar kendi aralarında gün yapar.;Cinsiyetçilik
erkek evin direğidir.;Cinsiyetçilik
karı gibi gülme.;Cinsiyetçilik
kadınlar objedir.;Cinsiyetçilik
kadınlar temizlik yapar.;Cinsiyetçilik
çayı kadın demler.;Cinsiyetçilik
yemeği kadın yapar.;Cinsiyetçilik
sosyal medyada kadınlar ön plandadır.;Cinsiyetçilik
kadınların çok takipçisi olur.;Cinsiyetçilik
reklam yüzleri kadınlardan oluşur.;Cinsiyetçilik
kadın taraftar olmaz.;Cinsiyetçilik
kadınlar ev işlerinden anlamaz.;Cinsiyetçilik
Erkek adam ağır işte çalışır.;Cinsiyetçilik
erkek adamın evi,işi,arabası olmalı.;Cinsiyetçilik
Kadınlar çok konuşur.;Cinsiyetçilik
kadınlarla muhabbet edilmez.;Cinsiyetçilik
kadınlar tek başlarına ayakta duramaz.;Cinsiyetçilik
kadınlar tarlada çalışamaz.;Cinsiyetçilik
kim demiş kadınlar komik değil diye ;Cinsiyetçilik
kadınların vicdanı yoktur.;Cinsiyetçilik
kadınlar sadece paraya bakar.;Cinsiyetçilik
parasız erkeği sadece annesi sever.;Cinsiyetçilik
soyadlar erkeğin soyundan gelir.;Cinsiyetçilik
kadınlarla kibar konuşulur.;Cinsiyetçilik
erkekler odundur.;Cinsiyetçilik
erkek adam ağırbaşlıdır.;Cinsiyetçilik
erkeklerin kız kankası olamaz.;Cinsiyetçilik
kadınlara güven olmaz.;Cinsiyetçilik
kadınlara borç verilmez.;Cinsiyetçilik
kadınlarla dertleşilmez.;Cinsiyetçilik
erkek adam düşmez.;Cinsiyetçilik
kadınlar doğal değildir.;Cinsiyetçilik
erkek bakir değilse sorun olmaz, kadın bakire değilse namussuz olur.;Cinsiyetçilik
Kadının gözyaşından korkacaksın.;Cinsiyetçilik
Kadının olduğu yerde huzur vardır.;Cinsiyetçilik
erkek adamın evi dağınık olur.;Cinsiyetçilik
Kadının evi derli toplu olur.;Cinsiyetçilik
kadınlar osurmaz.;Cinsiyetçilik
kadınlar bilek güreşi yapamaz.;Cinsiyetçilik
erkek kadına bakmakla görevlidir.;Cinsiyetçilik
kadın erkeğe muhtaçtır.;Cinsiyetçilik
Kadınlar güçlü olan erkekleri sever.;Cinsiyetçilik
Adem mal olduğu için vizeye son gün çalışır.;Hakaret
Hakan tam bir eşek.;Hakaret
yakup eşeklik yapıp her şeyi son dakikada yapmaya çalışır;Hakaret
Emrullah ucubesi Hakanla uğraşır.;Hakaret
Oyun oynayan kızlar Şişkodur.;Hakaret
kadın dizisi izleyen erkek gaydır.;Hakaret
Futbol oyunlarını klavye ile oynayan erkek salaktır.;Hakaret
Aşk filmi izleyen erkek kendisine saygısı olmayan bir kancıktır.;Hakaret
Çekirdek yiyen insan kendisine saygısı olmayan bir kancıktır.;Hakaret
Kızlarla voleybol oynayan erkek embesildir.;Hakaret
Evden çıkmayan insanlar embesildir.;Hakaret
gördüğü her kıza aşık olan erkek yavşaktır.;Hakaret
Moron hala burada bekliyor.;Hakaret
Orada durma öküz gibi hareket et.;Hakaret
yemeğin tuzunu ayarlamayı beceremeyen kız maldır.;Hakaret
Fenerbahçeyi destekleyen beyinsizdir.;Hakaret
alkol tüketen insanların kendi vücutlarına saygısı yoktur.;Hakaret
sigara içen kız iticidir.;Hakaret
bu kadar da salak olamazsın;Hakaret
kızla buluşmak için kankasını eken erkekler şerefsizdir.;Hakaret
söz verip tutmayan insanlar puşttur.;Hakaret
haftada 3 kez duş almayan erkek pisliktir.;Hakaret
orada durma aptal gibi gel buraya ;Hakaret
Kaanın yaptığı yemek bok gibidir.;Hakaret
Dilan Polat hırsızdır.;Hakaret
Dilan polat dolandırıcıdır;Hakaret
Bugün dükkana aptal kuzenin geldi.;Hakaret
koltuk altı kıllarını kesmeyen insanlar bok gibidir.;Hakaret
Aralıksız tatil yapmak istiyor beyinsiz.;Hakaret
2 gün tanıdığı kişiyle sevgili olan maldır.;Hakaret
Bakakaldı saftirik.;Hakaret
Senin kafan çalışmıyor gerçekten diyorum.;Hakaret
Zürriyetsiz bir kişisin yoksa normalde böyle şeyler yapmazsın.;Hakaret
Siyasi görüşü olmayan insanlar embesil varlıklardır.;Hakaret
yakup andaval olduğu için evi temizlemez.;Hakaret
vegan kızlar et yemedikleri için Gerizekalıdır.;Hakaret
Sınava son gün çalışan insan gerizekaldıır.;Hakaret
trip atan kız maldır.;Hakaret
Saftirik hala anlamadı.;Hakaret
Öküz gibi bakıyor;Hakaret
Hakemler adil karar almadıkları için şerefsizdirler.;Hakaret
Dostuna yalan söyleyen yalancıdır.;Hakaret
Kayıtsız kalmak ahmaklıktır.;Hakaret
Oyun oynarken hile yapan insan şerefsizdir.;Hakaret
Basit bir sınavdan kalan maldır.;Hakaret
Burakın ev bok gibi;Hakaret
Bu insanlar gerçekten aptal.;Hakaret
Bu proje tam bir fiyasko.;Hakaret
Bu fikir tamamen saçma.;Hakaret
Bunu kim düşündü, acaba beyni var mı?;Hakaret
Bu saçma işi kim düşündü?;Hakaret
Sen nasıl bir beyinsizsin anlamadım.;Hakaret
Bu problemide çözemiyorsan malsındır.;Hakaret
Karaktersiz insan her zaman karaktersizdir.;Hakaret
Şike yapan karakteriszdir.;Hakaret
Ali salak olmasa bu kızla konuşmaz.;Hakaret
Sen bu kadar saftirik olursan karında seni aldatır.;Hakaret
Kardeşi şerefsiz olan adam kendide şerefsizdir.;Hakaret
Kız arkadaşım çok kıt kafalı.;Hakaret
Hakkı öğretmen çok ses çıkınca susun gerizekalılar diye bağırdı.;Hakaret
Bu adamların hiçbir fikri yok.;Hakaret
Bu karar gerçekten salakça.;Hakaret
Bu öneri tamamen gereksiz.;Hakaret
Bu proje saçmalığın ötesinde;Hakaret
Bu plan aptalca.;Hakaret
Bu proje gerçekten rezil durumda.;Hakaret
Kafasız insan kafasızdır.;Hakaret
Kafanda saç kalmamış kel olmuşsun.;Hakaret
Seni gidi topal herif.;Hakaret
Fenerbahçeyi tutan spastiktir.;Hakaret
Bu çocuk deli galiba hala yaramazlık yapıyor.;Hakaret
Böyle durmaya devam et kambur olacaksın.;Hakaret
Senin gibi savcılar haysiyetsiz olur.;Hakaret
Futbolcular hakem kadar rüşvetçi olamaz.;Hakaret
Bu adam sahtekar.;Hakaret
Sen tam bir köpeksin.;Hakaret
Bu kız fahişedir.;Hakaret
Senin kadar ezik bir insan görmedim.;Hakaret
yavuz kadar köpek birisi yoktur.;Hakaret
Bu çocuk kadar biçimsiz kimse yok.;Hakaret
Kardeşin hata yaptığında dövmezsen gerizekalısın.;Hakaret
Yavuz eşşek kadar oldun bir işi yapamadın.;Hakaret
Allah belanızı versin sizin.;Hakaret
Allah kahretsin seni;Hakaret
Büşra çok şişmansın.;Hakaret
Yavuz hayvan gibisin.;Hakaret
Furkan öküz gibisin hala ne zayıfım diyorsun.;Hakaret
Bu biçimsiz kimde gelmiş bize iş öğretiyor.;Hakaret
Kardeşim kadar gerizekalı birini görmedim.;Hakaret
Kaan bu kadar pislik misin ?;Hakaret
Kanka senin kadar şerefsiz olamam.;Hakaret
Cem buralara kadar senin salak oğlun yüzünden geldi.;Hakaret
evlat olsan sevilmezsin;Hakaret
 hıyar olsan cacığa doğranmazsın;Hakaret
sendeki beyin solucanda olsa sürünemez.;Hakaret
seni sivrisinek de ısırmıyordur kansız pislik.;Hakaret
Suda yüzebilecek kadar beyniniz yok.;Hakaret
arkadaşım eşşek olsa ne yazar .;Hakaret
bu takım öküz gibi nasıl yeneceğiz biz bunları.;Hakaret
Emre beyinsiz gibi davranıyorsun.;Hakaret
Canı sıkılan salak salak hareket ediyor.;Hakaret
Sen geri zekalı birisin;Hakaret
Dünyada senin kadar cibilliyetsiz biri birisini görmedim ;Hakaret
Çok aptalca konuşuyorsun ;Hakaret
Hadsiz bir köpeksin ;Hakaret
Bazen senin bir salak olduğunu düşünüyorum ;Hakaret
Şerefsiz bir karakter sahibisin;Hakaret
Senin kadar gerizekalısını görmedim ;Hakaret
bu kadar aptal olma ;Hakaret
neden böyle salakça konuşuyorsun;Hakaret
öküz gibi yiyorsun;Hakaret
sen aşağılık bir insansın ;Hakaret
her yerde mal gibi görünme;Hakaret
kuş kadar beynin var;Hakaret
sen gördüğüm en aptal insansın;Hakaret
mert tam bir gerizekalı;Hakaret
Mert ve arkadaşları malın önde gideni;Hakaret
Dümdüz gerizekalsın;Hakaret
Okulun yüzde 40 ı gerizekalı;Hakaret
Ali kişiliksiz bir insan;Hakaret
Haysiyetsiz bir insansın;Hakaret
Sen tam bir pisliksin ;Hakaret
Bu kadar şerefsiz olma;Hakaret
Gün içinde hayvandan eksik yanın yok;Hakaret
Hırsızlık yapıyorsun yapma;Hakaret
Spastik olduğunu düşünüyorum;Hakaret
Sahtekar adamın tekisin;Hakaret
Fahişeden eksik yanın yok;Hakaret
Alçak adamın tekisin;Hakaret
İki yüzlü birisin;Hakaret
Edepsiz adam seni;Hakaret
Ruh hastası bir manyaksın;Hakaret
Çirkef kadının tekisin;Hakaret
Yosmanın tekisin;Hakaret
Sen insan değilsin;Hakaret
Rüşvetçi bir insansın;Hakaret
Hastalıklı bir düşüncen var;Hakaret
Ahlaksız herifin birisin;Hakaret
Gavur musun lan sen;Hakaret
İmansız köpek seni;Hakaret
Yalakalık yapıyorsun;Hakaret
aklı bir havada çocuksun;Hakaret
aklı kıt  bir çocuksun;Hakaret
Gördüğüm en işe yaramaz insansın;Hakaret
Ayı gibi olmuşsun;Hakaret
Öküz gibi yiyorsun;Hakaret
Dangalaklık yapma;Hakaret
Bunak herifisin birisin;Hakaret
İki yüzlü sahtekarın tekisin;Hakaret
Yüzünden pislik  akıyor;Hakaret
Kaypak bir insansın;Hakaret
Yüzsüz birisin ;Hakaret
Eşek kadar yol gidemiyorsun;Hakaret
 Her zaman aç gözlüsün ;Hakaret
 Sen bir işe yaramazsın;Hakaret
Beceriksiz aptalın birisin;Hakaret
Hayvan herifin tekisin;Hakaret
Ucuz bir insansın;Hakaret
Soysuz adamın tekisin;Hakaret
Paranın kölesi olmuşsun;Hakaret
Fırsatçı kadının tekisin;Hakaret
Gavatlık ruhuna işlemiş;Hakaret
Tam bi özürlüsün;Hakaret
Gerizekalı bir işi de becer;Hakaret
Senin kadar şerefsiz birini görmedim;Hakaret
gevşek adamın tekisin;Hakaret
tam bir kahpesin;Hakaret
Akılsızlık yaparsan böyle sürünürsün.;Hakaret
Kendini bilmemek spastiklerin işidir.;Hakaret
ordular mallık yapmasa bu savaşı kazanırdık.;Hakaret
karaktersizlik yapmadan bu yarışı kazanamazdı.;Hakaret
şuradan bir pislik geçti.;Hakaret
aptallığını kapatmak için sağa sola koşturuyor.;Hakaret
buralarda takılmak için aptalca hareketler yapıyor.;Hakaret
Kalleşlik yapma dedim sana.;Hakaret
hayvan gibi yemek yiyorsun az ye.;Hakaret
senin kadar alçak karaktersiz birini görmedim.;Hakaret
kardeşim kadar haysiyetsiz biri olmadığın için mutluyum.;Hakaret
Fahişelikte üstüne yok.;Hakaret
seni düzenbaz sahtekâr herif;Hakaret
Bu ablam kadar adi bir insan yok.;Hakaret
Hakemler rüşvetçidir;Hakaret
bunlara bu kadar yüz verirsen sonunca aptal yerine konmayı hak edersin.;Hakaret
annem bu yaptığımızı görse siz ne kadar gerizekalısinız derdi.;Hakaret
mert deli gibi bizi arıyor etrafta.;Hakaret
bu mehmet kadar man kafa bir insan yok .;Hakaret
Küçük kardeşimin aklı kıt olmasa neler yapardı bilinmez.;Hakaret
bu mahallede spastikten bol her şey var.;Hakaret
iki deli bir araya gelmemeliydik.;Hakaret
seni müsvedde herif seni;Hakaret
buralarda şerefsizlik yapmazsan hiçbir yerde yapamazsın.;Hakaret
kafalar çok sıkıntıda ama man kafalıda değiliz.;Hakaret
Senden şerefsiz olmasın ama iyi çocuktur.;Hakaret
Bu sınavı nasıl yapamadın aptal mısın?;Hakaret
mert hayvan gibi oldun artık sporu bırak.;Hakaret
akşama kadar beyinsiz kişilerle oturuyorum.;Hakaret
bakkal amca spastik bir müşteriye derdini anlatıyor.;Hakaret
Çay içerken bile çocuk deli deli hareketler yapıyor.;Hakaret
Şu okuyanlar kadar gerizekalı kimse yok.;Hakaret
Benim kadar haysiyetsiz kimse yok.;Hakaret
Hasancanın programını izleyen erkek piçtir.;Küfür
halısahada pas vermeyen erkeği sikmek gerekir.;Küfür
sigara içen kız orospudur.;Küfür
adem göt olduğu için kankalarını satar.;Küfür
Senin ben ananı sikeyim.;Küfür
Baka baka kör oldu amcık.;Küfür
Alperen tam bir piçtir.;Küfür
Mehmet götün tekidir.;Küfür
sen kimsin gurursuz aq;Küfür
Bi siktir git ;Küfür
Göt kafalı seni;Küfür
Sik kırığı gelmiş bana laf ediyor.;Küfür
Gelmiş bana artislik yapıyor piç kurusu.;Küfür
Bu kadar da mal olma aq.;Küfür
borç verip borcunu ödemeyenler orospu çocuğudur.;Küfür
babasının parasıyla hava atan erkek piçtir.;Küfür
Parayı seven kız orospudur.;Küfür
Hakanın yaptığı resimler göte benzer.;Küfür
Bakirelik önemsizdir diyen kız orospudur.;Küfür
zehra orospu olduğu için herkesle sevgili olur.;Küfür
İnsanları güldürmek için yalan söyleyen piçtir.;Küfür
Kokoreç yiyen insanın boktan bir farkı yoktur.;Küfür
Sıcak kolanın tadı bok gibidir.;Küfür
Kokoreç yiyen insanın boktan bir farkı yoktur.;Küfür
Böyle araba kullananlar tam piçtir.;Küfür
Kerhanede orospu doludur.;Küfür
Milletin karısına kızına sarkıntılık yapan orospu çocuğudur.;Küfür
Taraftarlar fenerin anasını sik diye bağırdı.;Küfür
Böyle işin amına koyayım.;Küfür
Kızın amı patladı.;Küfür
Adamın siki kırılmış.;Küfür
Adam ilaç kullandığı için yarrağı inmiyor.;Küfür
Mertin sikine top gelmiş.;Küfür
Amcık kafalı adam yolun ortasına sıçmış.;Küfür
Burdurda orospu çokdur.;Küfür
Kadir kadar göt kimse yoktur.;Küfür
Sen oçsun.;Küfür
Okulda müdür çocukları piç gibi ortada bıraktı.;Küfür
Am düdüğü hala bana laf anlatmaya çalışıyor.;Küfür
Orospu çocuğu naber.;Küfür
Napıyon lan göt.;Küfür
Kara günde göt gibi bıraktı bizi ortada.;Küfür
Orospuluk yapmasaydın maçı kazanırdık.;Küfür
yavuz ben senin amk;Küfür
bu okul böyle bitmez aq;Küfür
babamlar bu olaya çok kızdı amk;Küfür
ananı sikeyim hayat beni neden yoruyorsun.;Küfür
Canları sıkılan insanlar sikişmek isterler.;Küfür
Burak bir pornostar olmak istiyor.;Küfür
Bakışlarıyla orospu olduğunu belli etti.;Küfür
Caddede bekleyen orospuların pezevenklerini bulamadık.;Küfür
Sadık bir dost kalmadı herkes birbirini sikmek istiyor.;Küfür
Rastgele olan bir olayda biz göt gibi kaldık.;Küfür
Kamil nedensizce sikini götünü açtı.;Küfür
Kızın biri sokakta amını götünü göstermeye çalıştı.;Küfür
Hakan babanı sikiyim desemde laf etmiyor.;Küfür
yarrakta kafa var sende yok.;Küfür
at sikinden sucuk olur senden adam olmaz.;Küfür
zevksiz sikiş mahsulü.;Küfür
Dalyarak;Küfür
amcık hoşafı;Küfür
amın feryadı;Küfür
Sadrazamın sol daşşağı mısın yerinden kalkmıyorsun.;Küfür
Sana oksijen veren ağacın yapraklarını sikeyim.;Küfür
Hiç sikimde olmayan insanların arkamdan konuşmaları da hiç sikimde değil.;Küfür
lütfen bana hayatınızın ben sikmişim gibi davranmayın.;Küfür
net olmayacaksanız siktirin gidin;Küfür
bir yıkılırsam ananızı sikerim ona göre gelin üstüme;Küfür
canı sıkıldığında yazana skimin keyfi geldiğinde cevap veririm.;Küfür
kıskancım amına koyayım ablasından bile kıskanıyorum.;Küfür
kaç saattir cevap vermeyen insan siktrisin gitsin.;Küfür
Ne kadar ileri gidebileceğimi görmek isteyen üzerime oynasında iflahını sikeyim.;Küfür
size gösterdiğim inceliği sizden görmezsem sikerim belanızı arkadaşlar.;Küfür
içimden geldi amk;Küfür
bütün orospu çocukları yolunu bulmuşda sanki bir bizim hayatımız kaymış gibi.;Küfür
senleyken cildim hiç kırışmadı çünkü yüzümü hiç güldürmedin ağzına sıçtığım.;Küfür
yağmurun altında sikerim seni;Küfür
beni neden güçlü biri olmak zorunda bıraktınız aq;Küfür
dünya özür dileme günüymüş amk;Küfür
aşk hiçbir şeyi düzeltmediği gibi iflahımızıda siker arkadaşlar;Küfür
stresten alıveriş yapmak diye bir şey var sikerim diye diye aldığımız.;Küfür
tanrım kötü kullarını sen affetsen ben affetsem yakın arkadaşlarım siksen affetmez.;Küfür
hikayemin geri kalanında sizi siktir ediyorum.;Küfür
aq elektrik çarptı;Küfür
Sen burada dur götün dışarda kalmasın.;Küfür
Baka baka gözü kaldı götün.;Küfür
Bakkal tam bir piç çıktı.;Küfür
Piç kurusu hala şerefsizlik yapıyor.;Küfür
Verdik verdik hala götümüzü istiyor.;Küfür
Burdan geçmedi diyorum amk.;Küfür
Kardan adam yaptık onu bile siktiler.;Küfür
Orada durmasa yine bize saldıracak orospu çocukları.;Küfür
Sıramın üstüne oç yazmışlar.;Küfür
Okulda müdüre amınoğlu dedim diye okuldan atıldım.;Küfür
Şirkette şefime orospu dedim diye kovuldum.;Küfür
Bandırmada yazın dönen sikiş istanbulda dönmez.;Küfür
Karadenizde bi bok yok aq.;Küfür
Arda hala hakeme küfür ediyor bi susmadı amcık kafalı.;Küfür
Karanlıkda bi bok göremedim siktiğimin ışığını aç artık.;Küfür
Yiğit bi sik yapamadı hala.;Küfür
Bağırmak istediklerim var fakat orospu çocukları sevinmesin diye susuyorum.;Küfür
amk nazarınızı alın götünüze sokun.;Küfür
size acıyanın gözyaşını sikeyim.;Küfür
kalbi yosun bağlamış gelmiş aşktan bahsediyor orospu çocuğu ;Küfür
öyle bir orospu çocuğu tanımışım ki tüm orospu çocuklarının nasıl düşündüğüne hakimim.;Küfür
eşşekten yarış atı olmaz ama sen koş amına koduğumun salağı;Küfür
şu yokuşu bir aşayım siktim belanızı;Küfür
amk bir şey yapmıyorum yine ay sonunu göremiyorum.;Küfür
Katıksız bir orospu çocuğusun;Küfür
Ebenin götünü sikeyim;Küfür
Ebenin amınakoyayım;Küfür
Ananı amına koyayım;Küfür
Ananısını siktiğim çocuğu;Küfür
Babasız piç;Küfür
Anasız orospu çocuğu;Küfür
Babanın götüne koysunlar;Küfür
Ananın ışığını sikeyim;Küfür
Amınakoyduğum zıp zıpı;Küfür
Babanın görmeyen gözünü sikeyim;Küfür
Ananın amına kaydıraktan kayayım;Küfür
Nenenin götünden sikeyim ;Küfür
Amcık ağızlı götveren;Küfür
senin götünü sikeyim;Küfür
Bamya kadar sikin var.;Küfür
Ağzı küçük olanın amı büyük olur.;Küfür
Kim kardashianın götü çok büyük.;Küfür
Babası çocuğun amına koydu.;Küfür
Ananı avradını sikeyim.;Küfür
Pislik içinde yatıyor piç kurusu.;Küfür
Babası anası herkes çocuğu buls götüne çubuğu sokacak.;Küfür
Okulda çocuk oç dedi diye dayak yedi.;Küfür
Kankasının kız arkadaşının amını siktiği için böyle olmuş;Küfür
Nerde bu gençlik amk;Küfür
Hakem hala oyun oynattırıyor aq;Küfür
Sen nasıl hala bu göt kafalılarla duruyorsun anlamıyorum.;Küfür
senin gibi amcık ağızlı kimse yok;Küfür
ne yapıyon lan göt;Küfür
Biraz küfür cümlesi yaz amk;Küfür
Kardeş bu kadar da orospu çocuğu olmaz.;Küfür
Orospuluk kanınıza işlemiş.;Küfür
Arkadaşının daşşağını görmüş.;Küfür
Babanızın taşşakları kurusun.;Küfür
Baruthane pilavcısı kadar sik kafalı biri yok.;Küfür
Kafalar ekibi sik sik işler yapıyor.;Küfür
Çükünü göster amcana.;Küfür
Sen ne yarraklı bir adam çıktın.;Küfür
Burası çok am kokuyor.;Küfür
Bacının memeleri patlamış.;Küfür
Annesi çocuğun sikini görmüş.;Küfür
Kardeşi neden böyle amını açmış bilmiyorlar.;Küfür
Kadir amacını sikeyim.;Küfür
Sensiz geçen gecenin ta amk.;Küfür
Horon tepemiyorum aq;Küfür
Askeri dinlemezsen böyle götüne sokarlar copu.;Küfür
Asker siker.;Küfür
Bardaktan taşarcasına yağan yağmur arabanın motorunu sikti.;Küfür
Orospular amı patlamamak için götten veriyor.;Küfür
Nedeni bilinmez ama ayağı büyük olanın yarrağı büyük olurmuş.;Küfür
Eli büyük olanın siki büyük olurmuş.;Küfür
Kızın amındaki zar patlamadıysa sorun yok.;Küfür
Camcı olarak gittiğim evde camlar kırıldı evin anasını siktim.;Küfür
Kardeşimin sikine sıra düşmüş mosmor olmuş.;Küfür
Berşan kadar götveren bir insan olamaz.;Küfür
Kadir sex delisi oldu.;Küfür
Göt göt diye diye bitirdin bizi.;Küfür
Lalelide az orospuluk yapmadım.;Küfür
Remzi ebeni sikim senin.;Küfür
Kardeşine puştluk yapma.;Küfür
Bu çocuk ibne gibi kıvırtıyor.;Küfür
Bu kadınların pezevenk olmadan çalışmaya hakkı yok.;Küfür
kırmam gerektiği halde kırmayan kalbimi sikeyim;Küfür
Her zaman içinden geleni yap çünkü bu orospu çocukları her zaman seni yargılayacaklar.;Küfür
dönenin amına koyayım;Küfür
samimiyetsiz yapmacık bir yavşak gibi konuşmuyorum siktirin gidin.;Küfür
kendimi alnımdan öpüp iyi dayandın bu orospu çocuklarına diyorum.;Küfür
Göstermemekte ısrar ettiğiniz o sevginizi iyi saklayın, mezarda götünüze falan sokarsınız artık;Küfür
iyi biri olarak kalmaya çalışıyorum beni zorlamayın amınızı yolunuzu sikerim.;Küfür
hiçbir şey yolunda değil ama sikimde de değil.;Küfür
lütfen ruh hastası orospu çocuğuysan huzurumu bozma;Küfür
Önceliğim keyfim sonrası çok sikimde değil;Küfür
bahanelerinizi alın siktirin gidin.;Küfür
Bu çocuk kadar dalyarak kimse yok.;Küfür
ah kalbini sikeyim hayat.;Küfür
Sadece bir kere yaşayacağımız şu hayatın rezilliğini sikeyim;Küfür
Ben bu gençlikten bir sikim anlamadım;Küfür
Gençliğimizin denk geldiği dönemi sikeyim;Küfür
He şöyle ya düş amına kodugum doları;Küfür
Emekçi insanların emeklerinin anasını siktiniz.;Küfür
İnsanda gram çalışma hevesi bırakmadınız amına koyduklarım;Küfür
İnsanda ağız tadı bırakmadınız orospu çocukları;Küfür
Pozitif düşünceyi sikeyim her şey olumsuz işte kendinizi kandırmayın amına koyduklarım;Küfür
Bu belirsizlikle insanın hayatı domaltır.;Küfür
Bu kadar orospu çocuğu olmayı nasıl başarıyorsunuz hayret doğrusu;Küfür
Bir şeyler yolunda gitmiyorsa yolun anasını sikmek çok da sorun edilmemeli.;Küfür
kapanan bütün kapıların amına koyim şu açılanı da sikiyim;Küfür
Oh Amina koyim havalar serinledi sonunda;Küfür
Yalnış seçimler uzmanı oldum amına koduğum yerinde;Küfür
Yarak gibi kafanın üstünde ne dolandiriyon rakiyi, büyü mü yapıyon iç işte amcık;Küfür
Bugün iyi ki varsın derler, yarın siktir olup giderler.;Küfür
Az kaldı siktir olup gidicem amına koduğum şehrinden;Küfür
Bugün hava çok güzel.;Normal
Yolda yürürken eski bir arkadaşımla karşılaştım.;Normal
Kitap okumak benim için rahatlatıcı bir aktivitedir.;Normal
Yeni bir dil öğrenmek zaman alabilir, ancak ödüllendirici bir deneyimdir.;Normal
Çocuklar genellikle hayal dünyalarında harika maceralara dalma eğilimindedir.;Normal
Saçma bir şaka duyduğumda gülmekten kendimi alamıyorum.;Normal
Bilgisayar oyunları, gençler arasında popüler bir zaman geçirme aktivitesidir.;Normal
Doğa yürüyüşleri, stresi azaltmak için harika bir yoldur.;Normal
Yarının hava durumu tahminlerine göre, yağmurlu bir gün olacak gibi görünüyor.;Normal
Kahve içmek, sabahları enerji kazanmamı sağlar.;Normal
Başarılı olmanın anahtarı, sürekli olarak çaba göstermekte yatar.;Normal
Film izlemek, farklı kültürleri ve perspektifleri keşfetmenin bir yolu olabilir.;Normal
Güzel bir manzara karşısında sessizce oturmak, iç huzur bulmamı sağlar.;Normal
Evde pizza yapmak, keyifli bir akşam geçirmenin lezzetli bir yoludur.;Normal
Üniversite mezunu olmayanlar başarısız olur söylemi, eğitim çeşitliliğini göz ardı eder.;Normal
Büyük burnu olanlar komiktir, bu yüzden ona Pinokyo demek komik olabilir ancak bu tür takma isimler saygısızcadır.;Normal
Çingene gibi giyinmek ne demek oluyor? Herkes istediği gibi giyinebilir.;Normal
Kız gibi atıyor demek, spor yeteneğini cinsiyete indirgemektir ve bu kabul edilemez.;Normal
En sevdiğim mevsim yaz, çünkü sıcak hava ve uzun günlerden hoşlanıyorum.;Normal
Öğrenciler arasında arkadaşlık kurmak, sosyal becerileri geliştirmenin önemli bir yoludur.;Normal
Köylü gibi davranmak ne demek oluyor? Kırsal kesim insanının davranışlarına yönelik bu tür ifadeler aşağılayıcıdır;Normal
Erkek adam ağlamaz demek, erkeklerin duygularını ifade etmelerine izin vermemektir.;Normal
Teknolojinin gelişimi, iletişimimizi kolaylaştırmış ve dünyayı daha erişilebilir hale getirmiştir.;Normal
Sarışınlar aptal olur demek, saç rengi üzerinden yanlış bir genellemedir.;Normal
Eşcinseller anormaldir demek, cinsel yönelimlere yönelik ayrımcılığı körükler.;Normal
Kadınlar şoför olamaz demek, cinsiyetçi bir kalıplaşmış yargıdır.;Normal
Oyun oynayan erişkinler olgun değildir demek, kişisel tercihler hakkında haksız bir yargıdır.;Normal
Kaslı insanlar kaba olur demek, fiziksel görünüşe dayalı yanlış bir genellemedir.;Normal
Engelliler için özel bir şeyler yapmak gerekir demek, onların bağımsızlığını göz ardı etmektir.;Normal
Hayvanat bahçesini ziyaret etmek, farklı hayvanları gözlemlemenin eğlenceli bir yoludur.;Normal
Gökyüzünde parlayan yıldızlar, gecenin güzelliklerini sergiler.;Normal
Küçük çocuklar yaramaz olur demek, çocukların doğal merakını negatif bir özellik olarak etiketler.;Normal
Bir kadının yeri mutfaktır demek, kadınların sosyal rollerine dair eski ve yanlış bir inanıştır.;Normal
Araplar çölde yaşar demek, bir millet hakkında yanlış ve basmakalıp bir yargıdır.;Normal
Erkekler matematikte daha iyidir demek, cinsiyet temelli yanlış bir genellemedir.;Normal
Zenci müzikleri gürültülü olur demek, müzikal çeşitliliğe karşı önyargılı bir yaklaşımdır.;Normal
Erkek çocuklar maviyi, kız çocuklar pembeyi sever demek, renk tercihlerini cinsiyete göre sınırlar.;Normal
Delikanlı gibi yemeğini bitir demek, yemek yeme davranışını cinsiyetle ilişkilendirir.;Normal
Doğa fotoğrafçılığı, güzellikleri yakalamak için sabır gerektiren bir sanattır.;Normal
Sokak sanatçısının müziği, şehrin atmosferine renk kattı.;Normal
Eski dostlar, yıllar sonra bir araya gelerek eski günleri yad ettiler.;Normal
Yağmurlu bir günde, pencereden damlaları izlemek huzur verici olabilir.;Normal
Bu işi yapabilmek için Arap atı gibi güçlü olmak gerekir demek, belirli bir etnik kökene atıfta bulunur.;Normal
Çocuklar, yüksek enerjilerini oyun oynayarak boşaltabilirler.;Normal
Bir fincan kahve içmek, gününüze enerji katmanın lezzetli bir yoludur.;Normal
Yoga yapmak, bedeni esnek tutmanın yanı sıra zihinsel dinginlik sağlar.;Normal
Kız gibi korkak olma demek, korkuyu cinsiyetle ilişkilendirir ve yanlıştır.;Normal
Rus gibi içki içmek ne demek? Her milletten insan aşırı içebilir veya içmeyebilir.;Normal
Alman disiplini gibi çalışmak, bir milleti belirli bir özellikle etiketlemektir.;Normal
Çin malı gibi kırılgan olma demek, bir ülkenin ürünlerini küçümser ve yanlış bir genellemedir.;Normal
Bugün harika bir gün geçirdim.;Normal
Hint filmleri gibi dramatik olma demek, bir ülkenin sinema anlayışını basite indirger.;Normal
Güzel bir gülümseme, günümü aydınlattı.;Normal
Başarıya ulaşmak için azimle çalışıyorum.;Normal
Fransız kadınları gibi şık olmak, bir ulusun kadınlarını belli bir imajla sınırlar.;Normal
Japonlar gibi çalışkan olmak, bir milleti tek bir özelliğe indirger.;Normal
İyi bir kahve, günü enerjik bir şekilde başlatmamı sağlıyor.;Normal
İrlanda gibi eğlenmek, bir ulusal stereotipi çağrıştırır.;Normal
İspanyol paellası gibi renkli bir hayat yaşamak, ulusal bir yemeği yaşam tarzı ile ilişkilendirir.;Normal
En sevdiğim müzik parçasını dinlediğimde, ruhum canlanıyor.;Normal
Hava beklediğimden daha kötüydü.;Normal
İtalyan gibi aşık olmak, bir ulusun insanlarını romantik olarak etiketler.;Normal
Bugün trafikte çok zaman kaybettim.;Normal
Sağlık sorunlarıyla başa çıkmak, zorlu bir süreç olabilir.;Normal
Beklenmedik sorunlar iş günümü olumsuz etkiledi.;Normal
Hedefime ulaşmada karşılaştığım engeller beni zorluyor.;Normal
Uyumakta zorlanıyorum, bu da enerjimi azaltıyor.;Normal
Eski arkadaşlarımla iletişimde sorun yaşamaktayım;Normal
Planlarımı gerçekleştirmek için yeterli destek alamıyorum.;Normal
Hatalarımın sonuçlarıyla başa çıkmak beni üzüyor.;Normal
Kırmızı tuğladan cephesi ve kuleleriyle dönemin mimarisini hatırlatıyor.;Normal
Birinciliği son saniyelerde kaçırınca üzüntüden mahvoldu.;Normal
Senin ve onun başına bir hal gelmesini kesinlikle istemiyorum.;Normal
Türkiye’de sigaraya başlama yaşı ilkokul çağına kadar düştü, diyor araştırmacılar.;Normal
Girdiğin sınavı kazandığını ve istediğin okulda okuduğunu bir düşün.;Normal
Sporcular performanslarını kötü etkileyecek yemeklerden uzak durmalıdır.;Normal
Kitapçıdan aldığım dergileri okuyor, arşivime kaldırıyorum.;Normal
Canını dişine takıp çalışıyor ama bir şeye sahip olamıyor.;Normal
Verilen işlerin zamanında yapılmaması hepimizin zamanını aldı.;Normal
Ne evi temizlemiş ne de çiçekleri sulamıştı bizim temizlikçi.;Normal
Bilim alanında meydana gelen değişmeler ders kitaplarındaki bilgilerin eskimesine yol açtı.;Normal
Eskişehir’de inecek olan bu kadın, vagonun en arkasındaydı az önce.;Normal
Fotoğraf kadar sinema da gizli kalmış gerçekleri gösterir bize.;Normal
Tüm konfeksiyoncuları gezdik, ona göre tuvalet bulamadık.;Normal
Doktorların bu konuda verdikleri bilgiler yüzeyseldir.;Normal
Sıcak değildir bu mevsimde oralar, gitmeden önce tekrar düşünün.;Normal
Ben çok acıktım.;Normal
Ali dün İstanbul’dan geldi.;Normal
 Meryem eve geldi ve hemen televizyonu açtı.;Normal
Bebek hastaydı, dün çok ağladı.;Normal
Önce kitabın kapağına baktı sonra içini açıp okumaya başladı.;Normal
Sen bu filmi izledin mi?;Normal
Baban Japonya’ya gitti mi?;Normal
 Dün akşam yemeği yedin mi?;Normal
Ben dün arabamı yıkadım.;Normal
Ben sabah erken kalktım ama sen erken kalkmadın.;Normal
Öğretmen yeni bir konu anlattı.;Normal
Dün derste çok şey öğrendim.;Normal
 Biz yeni bir Youtube kanalı açtık.;Normal
Bu kitabı 3 kere okudum.;Normal
Bütün gün bilgisayarda oyun oynadı.;Normal
Dün kuzenimle birlikte gezdim.;Normal
Bizi ne kadar beklediniz?;Normal
Sizi 15 dakika bekledik.;Normal
Ben 6. Sınıfa geçtim.;Normal
Ahmet İngilizce öğrendi.;Normal
Meryem az önce çok güzel bir şarkı söyledi.;Normal
 Dün 3 saat der çalıştım.;Normal
Geçen yıl İtalya'ya gittim.;Normal
Ali'ye 500 TL borç verdim.;Normal
Ahmet dün pikniğe gelmedi.;Normal
Sen hiç hayvanat bahçesine gittin mi?;Normal
Biletleri almadın mı?;Normal
 Benim bilgisayarım bozuldu.;Normal
Sen dün saat kaçta yattın?;Normal
Tarih sınavından 85 puan aldım.;Normal
Marketten su ve ekmek aldım.;Normal
Yeni bir video çekmeye karar verdim.;Normal
Beni sen mi aradın?;Normal
Sen bugün okula gitmedin mi?;Normal
 Ödevlerimi tam zamanında bitirdim.;Normal
Gün anahtarlarımı kaybettim, bugün buldum.;Normal
Eskiden böyle değildin. Sen çok değiştin;Normal
Bugün İnstagram’a 5 fotoğraf ekledim.;Normal
Bana çok yardım etti.;Normal
Son yıllarda Türkiye çok gelişti.;Normal
Ahmet çektiği fotoğrafları bana gösterdi.;Normal
Beni bugün okula babam getirdi.;Normal
Babam anneme çok güzel bir hediye aldı.;Normal
Dün kendimi biraz kötü hissettim.;Normal
O benimle hiç ilgilenmedi.;Normal
Ona bildiklerimi anlattım ama o bana hiç inanmadı.;Normal
Bugün kaç bardak çay içtin?;Normal
Sen bu filmi daha önce izledin mi?;Normal
Ümit benim teklifimi kabul etmedi.;Normal
Polis yolu trafiğe kapattı.;Normal
Galatasaray dünkü maçı kazandı.;Normal
Ben turistlerle İngilizce konuştum ama nedense beni anlamadılar.;Normal
Dün parkta 5 kilometre koştum.;Normal
Programı bilgisayara kurdum.;Normal
Ben ilkokulu Amasya’da okudum.;Normal
 Ankara’ya 2013 yılında taşındık.;Normal
Dün saatlerce parkta oyun oynadık.;Normal
 Virüse karşı tüm tedbirleri aldık.;Normal
Ben internetteki her şeyin doğru olmadığını öğrendim.;Normal
 Bir çikolatayı üçümüz paylaştık.;Normal
Biz yeni bir mikrofon satın aldık.;Normal
O bana yaşımı sordu.;Normal
 Biz odamızı topladık.;Normal
Aaa, bugün anneannemi aramayı unuttuk.;Normal
Hollanda'daki gibi özgür olmak, bir ülkeyi belirli bir özgürlük anlayışı ile ilişkilendirir.;Normal
Siz bizim kanalımıza abone oldunuz.;Normal
Bu cümleleri biz hazırladık.;Normal
Sabah erken kalkmak için saati kurdum.;Normal
Annem çok güzel bir kek yaptı, biz de afiyetle yedik.;Normal
Koronavirüs bütün dünyayı sardı.;Normal
Babam üniversiteyi yurt dışında okudu.;Normal
Ankara’ya dün çok yağmur yağdı.;Normal
İngiliz gibi soğukkanlı olmak, bir milletin genel bir davranışını ifade eder.;Normal
Sen ne zaman doğdun?;Normal
Ben bugün anneme çok yardım ettim.;Normal
Ben araba kullanmayı öğrendim.;Normal
 Az önce reklamda gördüm, canım lahmacun çekti.;Normal
Amerikan filmleri gibi büyük hayaller kurmak, bir ülkenin sinema endüstrisine atıfta bulunur.;Normal
 Mesut dünkü filmi hiç beğenmedi.;Normal
Sen bana kızdın mı?;Normal
Biz yeni bir ev satın aldık.;Normal
Biz geçen yıl Alanya’ya gittik.;Normal
Geçen hafta basketbol oynadık;Normal
Avustralya'daki gibi maceracı olmak, bir ülkenin insanlarını maceracı olarak genelleştirir.;Normal
Dün mağazadan aldığım gömleği değiştirdim.;Normal
Dün 2 saat müzik dinledik.;Normal
Dün ikinci derse geç kaldım.;Normal
Sen benim söylediklerimi tekrar ettin.;Normal
Ben o kişiyi saha önce hiç görmedim.;Normal
Ankara’ya bu yıl kar yağdı mı?;Normal
Ben az önce çok şirin bir kedi gördüm.;Normal
Yabancılar hep yalan söyler demek, farklı kültürleri anlama çabamızı baltalar.;Normal
Babamın arabası bozuldu, bu sebeple işe metroyla gitti.;Normal
Bu kitaptan ben çok şey öğrendim.;Normal
Dün rüyamda seni gördüm;Normal
Arkadaşıma e-posta gönderdim.;Normal
Anadolu insanı kaba olur düşüncesi, bölge insanına yapılan haksız bir genellemedir.;Normal
Kızlar ağlar, erkekler ağlamaz demek, duygusal ifade özgürlüğünü kısıtlar.;Normal
Şişmanlar güldürür, zayıflar ağlatır tarzı eski komedi anlayışını geride bırakmalıyız.;Normal
Göçmenler ülkeyi ele geçiriyor gibi asılsız bir iddia, hoşgörüsüzlüğü körükler.;Normal
Ben yıllar önce Fırat'ın derin oyduğu bir koyağın içindeydim.;Normal
Kilolu insanlar tembel olur düşüncesi, sağlıklı bir toplum anlayışına aykırıdır.;Normal
"Vurunca da Güngörmezliler, ""Tamam, Sabah oldu !"" diyerek, yataklarından kalkarlardı.";Normal
Siyahi insanlar suçlu olur gibi yanlış bir genelleme yapmak, ırkçı bir önyargıdır.;Normal
Ne yolu vardı ne okulu vardı.;Normal
Adam gibi davran diye bir tabir kullanmamalıyız çünkü bu cinsiyetçi bir dil kullanımıdır.;Normal
Sakat birine yardım etmek hepimizin sorumluluğudur ve onlara acıyacak bir durum yoktur.;Normal
Kadınlar araba kullanamaz demek, cinsiyet eşitliği konusunda atılmış adımları göz ardı etmektir.;Normal
Kalın gözlükler çirkin görünür söylemi artık modası geçmiş bir düşüncedir.;Normal
Köyde yaşayanlar cahil olur demek büyük bir haksızlık olur, bilgi her yerde bulunabilir.;Normal
Zayıflar asla başarılı olamaz gibi bir şey söylemek tamamen yanlıştır, herkesin potansiyeli farklıdır.;Normal
Kız çocukları mavi giyemez demek cinsiyetçi bir önyargıdır ve bu tür kalıpları kırmalıyız.;Normal
Mal gibi konuşma dememeliyiz çünkü çok kırıcı olmuş oluruz.;Normal
Kürt türk demeden bir bütün olmalıyız.;Normal